"rab.all"	"rab.win.trH"	"rab.win.trRT"	"rab.sample.B121"	"rab.sample.B122"	"rab.sample.B123"	"rab.sample.B124"	"rab.sample.B125"	"rab.sample.B126"	"rab.sample.B127"	"rab.sample.B128"	"rab.sample.B137"	"rab.sample.B138"	"rab.sample.B139"	"rab.sample.B140"	"rab.sample.B141"	"rab.sample.B142"	"rab.sample.B143"	"rab.sample.B144"	"diff.btw"	"diff.win"	"effect"	"overlap"	"we.ep"	"we.eBH"	"wi.ep"	"wi.eBH"	"label"
"Akkermansiaceae"	3.83432218474328	5.40885008418124	2.35498240178111	5.24558276752528	4.91587576100942	4.89503258870475	6.46933731099508	5.84563906936384	6.61811632985386	5.6344880746113	3.68777434678368	3.43429774269257	3.14389903772472	3.987510693226	-1.20450272715656	1.1858897830478	-0.744941870474117	2.88520683363324	-0.0925541433842474	3.62813913744772	2.25707423680108	1.63492584832177	0.0136747388918296	0.000848789224579402	0.0213676212191194	0.000358148795648796	0.0101398601398601	"Significant"
"Anaeroplasmataceae"	-0.906144392635919	-5.12411462193295	0.486200915227911	-1.33335424328829	-0.302439493897569	-8.50467196949424	-9.24422632423427	-8.49914875574351	-8.47712047508057	-4.12539443660982	-3.84942136289107	0.754367696527181	1.2332895241663	-8.22713461033406	1.36743466777177	-0.0700793500148684	-0.120654992772385	-0.0143393628365676	1.43503783488795	-5.19153818044655	5.32355994110138	-0.955637835903969	0.0937503800015545	0.0252117632287149	0.132213163220314	0.00736572455322455	0.0606592655030155	"Significant"
"Marinifilaceae"	1.11605811192647	-0.224740326161726	2.09171653885933	-1.44351037607719	-1.47806654323179	2.44334384817534	-2.32234781550655	1.08330928159515	-0.540637492172025	0.360483579798761	-0.0409559882232262	1.2042674379049	1.33499959671913	3.32804924062944	3.0399787682725	2.61756607495709	1.3556008946853	0.180923691474586	3.02128010633654	-2.5572536822637	1.97197136180509	-1.16339027462153	0.125000272475661	0.00668709917228177	0.0656719634459284	0.00800189393939394	0.0651470924908425	"Significant"
"Tannerellaceae"	1.30643886365161	1.85244993541753	0.63817700277606	1.83289013888196	1.6530514979353	1.41038570712207	2.24219353183302	1.71573791650386	2.17298407751768	2.29875143495875	0.983057718028217	0.738989664261102	0.603855049981123	1.85045820313498	0.55737238260853	1.22314573399671	0.61839105303463	0.298920004860498	-0.057087550194094	1.14536192379324	0.792038913181829	1.32721110258647	0.0898441486173062	0.00407585594150854	0.0404134152104386	0.00704399766899767	0.0563020428645429	"Significant"
