"rab.all"	"rab.win.trH"	"rab.win.trRT"	"rab.sample.B121"	"rab.sample.B122"	"rab.sample.B123"	"rab.sample.B124"	"rab.sample.B125"	"rab.sample.B126"	"rab.sample.B127"	"rab.sample.B128"	"rab.sample.B137"	"rab.sample.B138"	"rab.sample.B139"	"rab.sample.B140"	"rab.sample.B141"	"rab.sample.B142"	"rab.sample.B143"	"rab.sample.B144"	"diff.btw"	"diff.win"	"effect"	"overlap"	"we.ep"	"we.eBH"	"wi.ep"	"wi.eBH"	"label"
"A2"	-1.18799022470955	-3.03347829986623	2.37760024614304	-8.0878252600278	-5.74122988988538	-0.9226398167246	-2.73567722301649	-5.90544647166992	-3.54502984662148	-1.56579011320274	-2.33644661550771	2.29159577187317	3.43015214879181	0.426181924644182	3.00448145457883	3.75774276497797	1.49498704807471	-2.34917859485884	2.45850684635284	-5.34650488529429	3.56659436934373	-1.50341985507811	0.0468758059650558	0.0017174030265281	0.0439530789187475	0.00114971833721834	0.0430434958559959	"Significant"
"Akkermansia"	5.44721866974564	7.47383759264802	4.31009974753759	7.19149647908608	7.56146693083667	6.29288495333895	8.65434054137556	8.51117858803275	8.58966249208913	7.32989303950716	4.79449400936745	4.79125870576813	4.78731632330109	6.04910988544057	0.144053550451265	3.6814780128952	1.17365369553566	4.65612362787457	1.45993616301668	3.78741422692551	2.64452717960415	1.53682524208271	0.0410165522939441	0.000813346918249733	0.0367602593174837	0.000922688422688423	0.0408300958300958	"Significant"
"Ruminococcaceae.other"	3.29204888147016	3.7194298436077	2.60581304967906	3.6052492899499	3.92566043843973	3.80681497272239	3.48954264503569	3.11378180856159	3.29262480700622	4.10866199586797	4.52712912443224	2.18879607166731	2.88081921975605	2.59866032448611	2.43339838148586	3.60997988931972	3.29905497318143	2.56779191951372	2.00197305740619	1.07769082852757	0.767398254692447	1.31841107991377	0.0742192424605441	0.00261638463529439	0.0607368107184928	0.00529574592074592	0.0917075132736555	"Significant"
