"rab.all"	"rab.win.OVA_t.H"	"rab.win.OVA_t.RT"	"rab.sample.C1"	"rab.sample.C18"	"rab.sample.C30"	"rab.sample.C42"	"rab.sample.C54"	"rab.sample.C66"	"rab.sample.C78"	"rab.sample.C90"	"rab.sample.C7"	"rab.sample.C19"	"rab.sample.C31"	"rab.sample.C43"	"rab.sample.C55"	"rab.sample.C67"	"rab.sample.C79"	"rab.sample.C91"	"rab.sample.C8"	"rab.sample.C20"	"rab.sample.C32"	"diff.btw"	"diff.win"	"effect"	"overlap"	"we.ep"	"we.eBH"	"wi.ep"	"wi.eBH"	"label"
"Lactobacillus"	4.33956885900699	4.7738718629966	3.1234586528016	4.69659925428384	5.54895453755577	4.90291572372803	4.33867334178954	4.64076399194992	5.13158219973349	5.27174622033291	4.45716495418407	4.49864017217207	3.11150914337469	4.96282739289881	3.69423530233998	3.29295378615955	4.3208360224867	1.20583891521579	2.46360345147589	2.3633441824024	2.91971275072923	3.11613796006699	1.68207378522486	1.082294700673	1.38868012065068	0.0763892658989142	0.000722808705194847	0.0563331654345209	0.0011816260365022	0.0762881854987118	"Significant"
