"rab.all"	"rab.win.OVA_t.H"	"rab.win.OVA_t.RT"	"rab.sample.C1"	"rab.sample.C18"	"rab.sample.C30"	"rab.sample.C42"	"rab.sample.C54"	"rab.sample.C66"	"rab.sample.C78"	"rab.sample.C90"	"rab.sample.C7"	"rab.sample.C19"	"rab.sample.C31"	"rab.sample.C43"	"rab.sample.C55"	"rab.sample.C67"	"rab.sample.C79"	"rab.sample.C91"	"rab.sample.C8"	"rab.sample.C20"	"rab.sample.C32"	"diff.btw"	"diff.win"	"effect"	"overlap"	"we.ep"	"we.eBH"	"wi.ep"	"wi.eBH"	"label"
"Gastranaerophilales.other"	1.86657956239639	-0.5378177871609	2.58448526072321	-1.41246195221667	-3.48908030810394	-3.08038624698702	1.56770043054453	3.22367865113693	-0.48832670101314	-0.183593046652499	-1.82051163863973	1.8621529940477	2.43629747213368	2.91333159266427	2.11989447905358	2.61799264474698	0.491885826972108	2.43267793846305	1.45291756838849	3.89749486938307	4.62475698890834	4.12168212823355	-3.23834658240637	2.54785592153901	-1.12397917136196	0.125000215289861	0.00365230943048577	0.066430049899709	0.00390904084305787	0.0637051508701567	"Significant"
"Lactobacillaceae"	1.05864757664552	1.45034749755839	0.242874709502905	1.52316393185282	4.2647498047889	1.98158524736972	1.17816374825171	0.990909682241205	1.79638754347086	1.25696171029717	1.41718447413714	1.16066716067266	-0.117158564230822	1.09541683685103	0.678528965546001	0.467834730640988	1.73523074178401	-0.626384559558151	0.871182048345368	-0.278495802788116	-0.702604780119448	-0.26682824368383	1.39589891640491	1.04598222282781	1.13482302778633	0.111111358357567	0.00533125287170859	0.0760629819079024	0.00378675117452207	0.061901274894696	"Significant"
